1|Leidy|Gomero|leidy@gmail.com|dc111e47f09ebd42193a618c622669edb46034ffde8aa6b4c371a45ad543072b|1|2001-12-30|Peru
2|Melanie|Cruz|melanie@ucv.edu.pe|446ebb30265962eae226c80126948662b18b64bde2fca6343e09b96c12ffb081|2|2004-07-28|Peru
3|Andres|Gonzales|andres@gmail.com|00447c9fa1d6b56e44d6fa547e5dd7d6355e9102d23c7e16ce7cc34e879e1348|1|2001-06-21|Peru
4|Lucas|Marcelo|lucas@pucp.edu.pe|3228ab00c8f9c9576beac22a8671f7ec26a44427615f3edb260914d9ce53f6ed|2|1999-01-15|Peru
5|Mario|Perez|mario@gmail.com|b4728a4cdc82644eb648f4f4a26844e94557d56356b1b615c6698e81f7907601|1|2003-07-14|Peru
6|Luz|Lya|luz@gmail.com|8c154a169e7c76d94cca8bf18aa7305957a3b837714fa9df0ec3559de82a3f11|1|2001-04-12|Peru
7|Jazmin|Padilla|jazmin@unasam.edu.pe|263225fdecd1939f34b8257ed9e65fbe31e3c9a48d8bcb5b40b0a4466621ebf9|2|2002-06-14|Peru
